team name;player name;games;wins;win percentage;score;score per game;goals;goals per game;assists;assists per game;saves;saves per game;shots;shots per game;shots conceded;shots conceded per game;goals conceded;goals conceded per game;goals conceded while last defender;goals conceded while last defender per game;shooting percentage;bpm per game;avg boost amount per game;amount collected;amount collected per game;amount collected big pads;amount collected big pads per game;amount collected small pads;amount collected small pads per game;count collected big pads;count collected big pads per game;count collected small pads;count collected small pads per game;amount stolen;amount stolen per game;amount stolen big pads;amount stolen big pads per game;amount stolen small pads;amount stolen small pads per game;count stolen big pads;count stolen big pads per game;count stolen small pads;count stolen small pads per game;0 boost time;0 boost time per game;100 boost time;100 boost time per game;amount used while supersonic;amount used while supersonic per game;amount overfill total;amount overfill total per game;amount overfill stolen;amount overfill stolen per game;avg speed per game;total distance;total distance per game;time slow speed;time slow speed per game;time boost speed;time boost speed per game;time supersonic speed;time supersonic speed per game;time on ground;time on ground per game;time low in air;time low in air per game;time high in air;time high in air per game;time powerslide;time powerslide per game;avg powerslide time per game;count powerslide;count powerslide per game;time most back;time most back per game;time most forward;time most forward per game;time in front of ball;time in front of ball per game;time behind ball;time behind ball per game;time defensive half;time defensive half per game;time offensive half;time offensive half per game;time defensive third;time defensive third per game;time neutral third;time neutral third per game;time offensive third;time offensive third per game;avg distance to ball per game;avg distance to ball has possession per game;avg distance to ball no possession per game;avg distance to team mates per game;demos inflicted;demos inflicted per game;demos taken;demos taken per game
TheyTookErrrJobs & *******;*******;1;1;100.00;490;490;1;1;1;1;4;4;2;2;9;9;1;1;0;0;50;355;55.37;1620;1620;1185;1185;435;435;15;15;38;38;537;537;352;352;185;185;4;4;16;16;27.9;27.9;42.87;42.87;116;116;330;330;48;48;1347;388168;388168;181.95;181.95;102.76;102.76;19.02;19.02;185.97;185.97;105.97;105.97;11.78;11.78;4.02;4.02;0.09;45;45;142.5;142.5;147.4;147.4;81.04;81.04;222.69;222.69;192.25;192.25;111.48;111.48;151.29;151.29;92.63;92.63;59.8;59.8;2477;2559;2355;3145;0;0;0;0
910 & Magus;910;1;0;0.00;215;215;0;0;0;0;2;2;2;2;10;10;4;4;3;3;0;393;42.87;1787;1787;1349;1349;438;438;17;17;38;38;274;274;131;131;143;143;2;2;13;13;48.36;48.36;52.02;52.02;377;377;291;291;9;9;1581;420335;420335;127.03;127.03;115.62;115.62;41.84;41.84;167.11;167.11;94.47;94.47;22.91;22.91;3.37;3.37;0.12;28;28;145.5;145.5;123.3;123.3;73.95;73.95;210.53;210.53;192.44;192.44;92.05;92.05;142.25;142.25;95.33;95.33;46.91;46.91;2816;2785;2775;3624;0;0;0;0
MrkK1. & ARandomTqbyee;ARandomTqbyee;1;1;100.00;636;636;2;2;0;0;3;3;5;5;5;5;1;1;1;1;40;428;54.65;2731;2731;2266;2266;465;465;26;26;46;46;870;870;685;685;185;185;8;8;19;19;51.87;51.87;50.29;50.29;319;319;307;307;53;53;1563;591726;591726;169.28;169.28;170.17;170.17;54.98;54.98;193.4;193.4;177.77;177.77;23.26;23.26;9.67;9.67;0.09;105;105;199.4;199.4;184.6;184.6;105.69;105.69;288.73;288.73;215.25;215.25;179.18;179.18;157.23;157.23;127.58;127.58;109.61;109.61;2275;2034;2511;3394;0;0;1;1
Adigi. & Albert;Adigi.;1;1;100.00;782;782;3;3;1;1;2;2;7;7;6;6;1;1;1;1;42.86;403;49.47;2281;2281;1797;1797;484;484;24;24;41;41;882;882;636;636;246;246;9;9;21;21;17.1;17.1;55.48;55.48;696;696;462;462;124;124;1574;503419;503419;145.9;145.9;139.03;139.03;58.34;58.34;215.21;215.21;111.99;111.99;16.08;16.08;5.33;5.33;0.15;36;36;160.7;160.7;175.2;175.2;113.96;113.96;229.32;229.32;187.5;187.5;155.77;155.77;144.07;144.07;95.65;95.65;103.56;103.56;2698;2502;3084;3290;2;2;3;3
Adigi. & Albert;Albert;1;1;100.00;649;649;2;2;1;1;2;2;4;4;6;6;1;1;0;0;50;394;46.46;2254;2254;1678;1678;576;576;21;21;50;50;585;585;363;363;222;222;5;5;19;19;51.68;51.68;28.55;28.55;313;313;436;436;136;136;1601;517730;517730;151.4;151.4;137.01;137.01;63.97;63.97;179.71;179.71;147.11;147.11;25.55;25.55;5.4;5.4;0.11;47;47;177.1;177.1;155.5;155.5;86.37;86.37;266;266;214.14;214.14;138.23;138.23;153.61;153.61;124.24;124.24;74.53;74.53;2096;2006;2102;3290;0;0;0;0
Uh Oh Peach & Ant-GG;Ant-GG;1;1;100.00;277;277;1;1;0;0;1;1;1;1;2;2;0;0;0;0;100;332;44.79;876;876;600;600;276;276;7;7;24;24;236;236;151;151;85;85;2;2;8;8;8.09;8.09;17.13;17.13;194;194;100;100;48;48;1510;194968;194968;79.57;79.57;45.35;45.35;22.7;22.7;95.6;95.6;50.63;50.63;1.39;1.39;3.83;3.83;0.09;41;41;75.2;75.2;53.1;53.1;23.17;23.17;124.45;124.45;93.44;93.44;54.19;54.19;66.68;66.68;50.31;50.31;30.63;30.63;2578;2692;2132;2788;0;0;0;0
ApClone3556 & Darckrayon;ApClone3556;1;0;0.00;488;488;1;1;0;0;1;1;4;4;8;8;2;2;1;1;25;361;46.36;2710;2710;1734;1734;976;976;19;19;88;88;681;681;376;376;305;305;4;4;27;27;58.62;58.62;41.21;41.21;506;506;179;179;29;29;1412;620618;620618;252.76;252.76;160.8;160.8;43.31;43.31;309.81;309.81;147.06;147.06;0;0;9.5;9.5;0.13;75;75;231.4;231.4;228.9;228.9;100.46;100.46;356.41;356.41;265.01;265.01;191.87;191.87;190.57;190.57;142.34;142.34;123.96;123.96;2190;2003;2380;2757;1;1;2;2
Vinichiro & Ayeooh;Ayeooh;1;0;0.00;616;616;2;2;1;1;2;2;5;5;9;9;4;4;2;2;40;466;54.06;3983;3983;2976;2976;1007;1007;39;39;90;90;1363;1363;956;956;407;407;11;11;36;36;39.13;39.13;64.08;64.08;434;434;957;957;151;151;1539;705193;705193;223.97;223.97;173.78;173.78;86.52;86.52;265.58;265.58;192.49;192.49;26.2;26.2;8.12;8.12;0.13;63;63;185.8;185.8;289.2;289.2;165.66;165.66;318.61;318.61;252.8;252.8;231.47;231.47;191.44;191.44;135.43;135.43;157.4;157.4;2090;1841;2363;3306;2;2;1;1
H8RRISON74 & Baziken;Baziken;1;0;0.00;546;546;0;0;0;0;6;6;1;1;10;10;3;3;3;3;0;355;48.52;2121;2121;1625;1625;496;496;20;20;42;42;811;811;679;679;132;132;8;8;11;11;50.68;50.68;45.57;45.57;450;450;376;376;120;120;1460;475873;475873;178.96;178.96;126.19;126.19;39.48;39.48;192.88;192.88;141.43;141.43;10.33;10.33;5.01;5.01;0.15;33;33;183.5;183.5;153.3;153.3;99.07;99.07;245.56;245.56;212.69;212.69;131.94;131.94;148.67;148.67;104.89;104.89;91.08;91.08;2718;2581;2790;3347;2;2;1;1
JEDCY-Gus & Biggyzi;Biggyzi;1;0;0.00;394;394;2;2;0;0;1;1;4;4;9;9;6;6;2;2;50;473;47.35;2341;2341;1836;1836;505;505;20;20;44;44;402;402;263;263;139;139;3;3;13;13;33.39;33.39;19.43;19.43;670;670;165;165;41;41;1624;481714;481714;139.38;139.38;128.9;128.9;62.48;62.48;194.64;194.64;130.04;130.04;6.07;6.07;6.15;6.15;0.11;54;54;144.9;144.9;157;157;94.76;94.76;236;236;210.48;210.48;120.28;120.28;142.81;142.81;113.88;113.88;74.07;74.07;2626;2339;2839;3075;1;1;0;0
BlasterLudoIta & Franzly;BlasterLudoIta;1;0;0.00;288;288;0;0;0;0;2;2;3;3;11;11;5;5;3;3;0;407;53.29;2291;2291;1664;1664;627;627;22;22;55;55;531;531;353;353;178;178;4;4;15;15;51.71;51.71;21.35;21.35;500;500;548;548;46;46;1672;541833;541833;128.57;128.57;132.32;132.32;87.67;87.67;178.25;178.25;156.97;156.97;13.34;13.34;6.51;6.51;0.07;89;89;154.9;154.9;174.4;174.4;108.61;108.61;239.95;239.95;218.2;218.2;130.35;130.35;154.4;154.4;110.03;110.03;84.13;84.13;2486;2128;2567;2853;2;2;1;1
Xelfire72 & Brightolly;Brightolly;1;1;100.00;589;589;3;3;2;2;0;0;5;5;8;8;3;3;1;1;60;409;47.22;2239;2239;1695;1695;544;544;20;20;51;51;441;441;280;280;161;161;3;3;15;15;28.37;28.37;28.94;28.94;8;8;237;237;10;10;1561;462951;462951;148.29;148.29;136.42;136.42;46.92;46.92;158.21;158.21;154.47;154.47;18.95;18.95;3.94;3.94;0.11;36;36;147.9;147.9;152.4;152.4;84.92;84.92;246.71;246.71;214.89;214.89;116.74;116.74;155.7;155.7;107.51;107.51;68.41;68.41;2188;2062;2203;2737;1;1;0;0
CPT Creamy1250 & CPT JigllyBallz;CPT Creamy1250;1;0;0.00;700;700;2;2;1;1;2;2;6;6;7;7;5;5;2;2;33.33;364;47.81;2400;2400;1685;1685;715;715;21;21;59;59;333;333;100;100;233;233;1;1;16;16;50.77;50.77;38.26;38.26;409;409;427;427;0;0;1552;617428;617428;183.11;183.11;201.28;201.28;50.05;50.05;255.93;255.93;171.01;171.01;7.51;7.51;6.59;6.59;0.16;41;41;190.6;190.6;219.5;219.5;143.82;143.82;290.63;290.63;296.02;296.02;138.43;138.43;213.56;213.56;153.2;153.2;67.68;67.68;2915;2886;2936;3296;2;2;0;0
CPT Creamy1250 & CPT JigllyBallz;CPT JigllyBallz;1;0;0.00;506;506;2;2;1;1;0;0;5;5;7;7;5;5;3;3;40;478;41.41;3179;3179;2365;2365;814;814;26;26;63;63;446;446;331;331;115;115;4;4;10;10;77.49;77.49;35.46;35.46;849;849;236;236;68;68;1515;591421;591421;201.77;201.77;171.04;171.04;55.4;55.4;268.31;268.31;142.54;142.54;17.36;17.36;10.47;10.47;0.1;109;109;219.1;219.1;184.7;184.7;143.62;143.62;284.59;284.59;279.85;279.85;148.36;148.36;202.3;202.3;132.36;132.36;93.55;93.55;2352;2107;2589;3296;3;3;2;2
ApClone3556 & Darckrayon;Darckrayon;1;0;0.00;432;432;0;0;0;0;3;3;3;3;8;8;2;2;1;1;0;406;57.26;3057;3057;2294;2294;763;763;30;30;65;65;973;973;665;665;308;308;8;8;31;31;32.58;32.58;73.16;73.16;541;541;618;618;123;123;1501;666449;666449;220.23;220.23;172.87;172.87;66.49;66.49;284.12;284.12;153.41;153.41;22.06;22.06;4.53;4.53;0.13;36;36;235.8;235.8;227.6;227.6;113.66;113.66;345.93;345.93;251.71;251.71;207.88;207.88;192.36;192.36;116.07;116.07;151.16;151.16;1982;1864;2086;2757;3;3;1;1
Honority_Alpha & Dark Monkey.;Dark Monkey.;1;1;100.00;506;506;1;1;1;1;2;2;3;3;5;5;1;1;0;0;33.33;381;49.59;1771;1771;1379;1379;392;392;17;17;34;34;190;190;68;68;122;122;1;1;11;11;25.52;25.52;16.93;16.93;313;313;323;323;34;34;1491;394079;394079;140.57;140.57;96.85;96.85;47.1;47.1;167.36;167.36;98.61;98.61;18.55;18.55;4.82;4.82;0.15;33;33;146.4;146.4;119.1;119.1;56.56;56.56;227.96;227.96;186.32;186.32;98.2;98.2;146.57;146.57;80.91;80.91;57.04;57.04;2048;1719;2185;2947;1;1;0;0
Dereck Lively II MVP 2025 & SpaceMonkeyBravo;Dereck Lively II MVP 2025;1;1;100.00;916;916;4;4;1;1;2;2;10;10;13;13;4;4;1;1;40;425;48.28;2916;2916;2462;2462;454;454;28;28;39;39;898;898;729;729;169;169;8;8;14;14;53.51;53.51;42.78;42.78;724;724;262;262;70;70;1546;537348;537348;191.82;191.82;164.62;164.62;45.62;45.62;268.71;268.71;127.51;127.51;5.83;5.83;4.58;4.58;0.14;32;32;160;160;217.6;217.6;125.71;125.71;276.34;276.34;241.76;241.76;160.3;160.3;182.11;182.11;122.49;122.49;97.45;97.45;2869;2593;3032;3502;1;1;0;0
alex & DiamondPickaxe64;DiamondPickaxe64;1;0;0.00;396;396;1;1;0;0;2;2;3;3;7;7;3;3;1;1;33.33;466;45.93;2633;2633;1835;1835;798;798;21;21;66;66;547;547;313;313;234;234;4;4;20;20;48.1;48.1;32.12;32.12;307;307;276;276;86;86;1536;537532;537532;168.77;168.77;156.33;156.33;46.87;46.87;214.24;214.24;131.2;131.2;26.53;26.53;6.19;6.19;0.1;61;61;194.4;194.4;170.1;170.1;104.97;104.97;267;267;238.6;238.6;133.37;133.37;166.27;166.27;131.17;131.17;74.53;74.53;2275;2054;2450;3104;1;1;1;1
Flycole1 & DmnChev;DmnChev;1;0;0.00;445;445;0;0;1;1;3;3;0;0;8;8;4;4;4;4;0;388;44.75;2183;2183;1471;1471;712;712;17;17;63;63;419;419;194;194;225;225;2;2;19;19;34.32;34.32;38.97;38.97;268;268;234;234;5;5;1378;465200;465200;209.26;209.26;127.46;127.46;31.95;31.95;219.79;219.79;133.46;133.46;15.42;15.42;3.75;3.75;0.09;40;40;198.9;198.9;144.8;144.8;84.24;84.24;284.42;284.42;247.2;247.2;121.46;121.46;192.51;192.51;109.51;109.51;66.64;66.64;2309;1939;2710;3055;1;1;0;0
spin & Drippy Ep;Drippy Ep;1;1;100.00;658;658;2;2;1;1;3;3;4;4;8;8;3;3;2;2;50;303;46.49;1817;1817;1097;1097;720;720;14;14;59;59;401;401;165;165;236;236;2;2;21;21;33.73;33.73;25.26;25.26;215;215;316;316;44;44;1347;460938;460938;234.51;234.51;119.14;119.14;19.63;19.63;256.16;256.16;107.71;107.71;9.41;9.41;4.67;4.67;0.1;49;49;186.4;186.4;170.1;170.1;85.99;85.99;287.29;287.29;225.11;225.11;148.17;148.17;170.17;170.17;114.81;114.81;88.3;88.3;2121;1920;2315;3055;0;0;0;0
Dummydum & edc851969;Dummydum;1;1;100.00;556;556;2;2;0;0;2;2;4;4;7;7;1;1;1;1;50;434;42.86;2387;2387;1725;1725;662;662;21;21;58;58;652;652;398;398;254;254;5;5;22;22;66.99;66.99;39.75;39.75;525;525;384;384;101;101;1533;493414;493414;153.51;153.51;138.65;138.65;45.75;45.75;217.74;217.74;104.68;104.68;15.49;15.49;5.83;5.83;0.19;31;31;167.6;167.6;165.2;165.2;105.04;105.04;232.87;232.87;197.91;197.91;140.01;140.01;137.32;137.32;109.43;109.43;91.16;91.16;2002;1979;2030;2826;4;4;0;0
Flycole1 & DmnChev;Flycole1;1;0;0.00;565;565;3;3;0;0;1;1;5;5;8;8;4;4;0;0;60;372;51.23;2124;2124;1577;1577;547;547;22;22;49;49;499;499;330;330;169;169;4;4;15;15;42.99;42.99;42.07;42.07;102;102;467;467;7;7;1475;500115;500115;189.99;189.99;141.3;141.3;37.41;37.41;212.3;212.3;140.49;140.49;15.91;15.91;7.44;7.44;0.11;68;68;145.5;145.5;198.9;198.9;120.99;120.99;247.71;247.71;238.99;238.99;129.71;129.71;181.62;181.62;110.03;110.03;77.05;77.05;2320;2167;2451;3055;0;0;0;0
BlasterLudoIta & Franzly;Franzly;1;0;0.00;376;376;1;1;0;0;1;1;3;3;11;11;5;5;2;2;33.33;463;50.56;2562;2562;1978;1978;584;584;22;22;53;53;648;648;473;473;175;175;5;5;16;16;59.3;59.3;34.28;34.28;292;292;242;242;29;29;1492;481787;481787;167.12;167.12;114.57;114.57;65.07;65.07;178.39;178.39;144.43;144.43;23.93;23.93;6.9;6.9;0.15;46;46;173.1;173.1;156.7;156.7;88.23;88.23;258.53;258.53;204.19;204.19;142.57;142.57;162.85;162.85;85.86;85.86;98.05;98.05;2415;1799;2649;2853;1;1;1;1
H8RRISON74 & Baziken;H8RRISON74;1;0;0.00;380;380;1;1;0;0;1;1;3;3;10;10;3;3;0;0;33.33;399;48.43;2164;2164;1690;1690;474;474;23;23;42;42;370;370;165;165;205;205;2;2;18;18;60.08;60.08;31.36;31.36;139;139;529;529;34;34;1409;458486;458486;181.75;181.75;123.26;123.26;42.82;42.82;182.23;182.23;150.37;150.37;15.23;15.23;7.11;7.11;0.1;68;68;159.9;159.9;181.1;181.1;102.95;102.95;244.88;244.88;198.85;198.85;148.97;148.97;145.91;145.91;110.82;110.82;91.1;91.1;2040;1957;2118;3347;0;0;0;0
up tm8 gc & HNSlaysix0;HNSlaysix0;1;1;100.00;336;336;1;1;1;1;1;1;3;3;4;4;1;1;0;0;33.33;455;52.92;2120;2120;1731;1731;389;389;21;21;35;35;190;190;100;100;90;90;1;1;8;8;42.07;42.07;21.04;21.04;400;400;376;376;0;0;1597;419792;419792;111.89;111.89;121.76;121.76;44.39;44.39;163.92;163.92;105.05;105.05;9.07;9.07;5.79;5.79;0.11;53;53;144.2;144.2;123.1;123.1;52.02;52.02;226.01;226.01;176.01;176.01;102.03;102.03;120.41;120.41;104.64;104.64;52.99;52.99;2331;2324;2416;3271;0;0;1;1
Heca & SwiftRezzi;Heca;1;1;100.00;384;384;0;0;1;1;2;2;1;1;7;7;1;1;0;0;0;330;57.15;2694;2694;1512;1512;1182;1182;21;21;108;108;580;580;348;348;232;232;5;5;23;23;26.14;26.14;66.38;66.38;87;87;671;671;180;180;1476;649060;649060;222.87;222.87;184.08;184.08;49.74;49.74;281.77;281.77;160.54;160.54;14.38;14.38;11.72;11.72;0.11;106;106;238.8;238.8;220.6;220.6;141.51;141.51;315.18;315.18;309.28;309.28;147.42;147.42;234.03;234.03;142.91;142.91;79.75;79.75;2724;2608;2788;3363;1;1;2;2
Honority_Alpha & Dark Monkey.;Honority_Alpha;1;1;100.00;546;546;3;3;0;0;1;1;7;7;5;5;1;1;1;1;42.86;496;63.24;2251;2251;1710;1710;541;541;21;21;53;53;314;314;170;170;144;144;3;3;13;13;29.64;29.64;22.16;22.16;225;225;420;420;133;133;1599;424583;424583;115.04;115.04;120.67;120.67;48.74;48.74;135.28;135.28;122.35;122.35;26.82;26.82;5.63;5.63;0.13;42;42;118.8;118.8;145.5;145.5;79.75;79.75;204.7;204.7;174.05;174.05;110.41;110.41;129.08;129.08;88.89;88.89;66.48;66.48;2279;2143;2467;2947;0;0;0;0
JEDCY-Gus & Biggyzi;JEDCY-Gus;1;0;0.00;602;602;1;1;2;2;3;3;4;4;9;9;6;6;4;4;25;361;44.8;1841;1841;1383;1383;458;458;17;17;44;44;287;287;184;184;103;103;2;2;11;11;37.86;37.86;29.19;29.19;160;160;321;321;15;15;1440;421784;421784;181.24;181.24;102.25;102.25;45;45;178.09;178.09;131.62;131.62;18.79;18.79;3.1;3.1;0.1;31;31;156.3;156.3;141;141;72.85;72.85;255.65;255.65;219.47;219.47;109.02;109.02;160.66;160.66;100.4;100.4;67.44;67.44;2628;2226;2806;3075;0;0;1;1
keipra & Jab;Jab;1;1;100.00;644;644;2;2;2;2;2;2;4;4;6;6;1;1;0;0;50;360;48.3;1978;1978;1229;1229;749;749;14;14;64;64;398;398;200;200;198;198;2;2;17;17;30.04;30.04;24.34;24.34;267;267;181;181;0;0;1530;464233;464233;133.03;133.03;154.45;154.45;35.45;35.45;184.79;184.79;132.3;132.3;5.85;5.85;3.47;3.47;0.12;28;28;175.7;175.7;133.1;133.1;74.52;74.52;248.41;248.41;214.21;214.21;108.72;108.72;163.45;163.45;94.93;94.93;64.56;64.56;2422;2326;2495;3183;1;1;1;1
Jakey Bakes & Nickygugu;Jakey Bakes;1;1;100.00;659;659;2;2;0;0;3;3;6;6;13;13;3;3;2;2;33.33;263;42.7;1993;1993;945;945;1048;1048;14;14;90;90;301;301;0;0;301;301;0;0;25;25;43.12;43.12;43.05;43.05;169;169;465;465;0;0;1322;599077;599077;290.08;290.08;162.03;162.03;29.84;29.84;310.25;310.25;162.62;162.62;9.09;9.09;10.15;10.15;0.12;83;83;280.6;280.6;188.6;188.6;105.48;105.48;376.48;376.48;324.06;324.06;157.89;157.89;251.09;251.09;145.29;145.29;85.58;85.58;2442;2332;2513;3214;1;1;2;2
Jinndoken & saint_fu;Jinndoken;1;1;100.00;849;849;3;3;1;1;3;3;4;4;11;11;4;4;3;3;75;330;41.16;2225;2225;1483;1483;742;742;18;18;66;66;567;567;236;236;331;331;3;3;28;28;57.56;57.56;48.46;48.46;226;226;318;318;63;63;1301;508127;508127;255.97;255.97;144.52;144.52;27.96;27.96;266.45;266.45;150.44;150.44;11.55;11.55;3.66;3.66;0.1;37;37;213.1;213.1;199;199;97.93;97.93;330.52;330.52;250.93;250.93;177.51;177.51;182.4;182.4;148.51;148.51;97.54;97.54;2329;2232;2421;3285;1;1;2;2
Kevsteuil & Laucki;Kevsteuil;1;0;0.00;336;336;1;1;0;0;2;2;4;4;9;9;4;4;2;2;25;363;52.52;2058;2058;1541;1541;517;517;19;19;46;46;382;382;196;196;186;186;4;4;18;18;39;39;30.58;30.58;338;338;383;383;225;225;1574;506328;506328;146.5;146.5;146.93;146.93;49.49;49.49;197.77;197.77;130.45;130.45;14.7;14.7;7.98;7.98;0.15;53;53;163.8;163.8;161.8;161.8;102.99;102.99;239.92;239.92;204.41;204.41;138.51;138.51;145.86;145.86;118.4;118.4;78.66;78.66;2380;2402;2378;3204;1;1;1;1
nattekaashaar. & Kizz;Kizz;1;1;100.00;574;574;1;1;0;0;4;4;3;3;12;12;2;2;2;2;33.33;377;55.9;2248;2248;1691;1691;557;557;22;22;50;50;397;397;314;314;83;83;4;4;7;7;31.82;31.82;43.88;43.88;384;384;383;383;40;40;1612;525602;525602;144.74;144.74;133.95;133.95;67.69;67.69;187.38;187.38;148.4;148.4;10.61;10.61;6.74;6.74;0.09;76;76;196.8;196.8;137.3;137.3;68.39;68.39;278;278;250.51;250.51;95.87;95.87;190.37;190.37;107.65;107.65;48.36;48.36;2387;2333;2414;2829;1;1;0;0
Weedy & Klaenex_;Klaenex_;1;0;0.00;365;365;1;1;0;0;1;1;2;2;7;7;3;3;1;1;50;430;44.58;1902;1902;1451;1451;451;451;18;18;41;41;425;425;258;258;167;167;3;3;14;14;45.22;45.22;31.73;31.73;209;209;360;360;33;33;1562;416148;416148;121.15;121.15;116.18;116.18;43.81;43.81;144.7;144.7;118.96;118.96;17.48;17.48;10.62;10.62;0.13;79;79;113.7;113.7;153;153;88.17;88.17;192.97;192.97;174.82;174.82;106.31;106.31;126.6;126.6;92.76;92.76;61.77;61.77;1830;1696;1914;2918;1;1;0;0
Kevsteuil & Laucki;Laucki;1;0;0.00;466;466;1;1;0;0;1;1;8;8;9;9;4;4;2;2;12.5;357;47.43;2216;2216;1379;1379;837;837;16;16;75;75;427;427;111;111;316;316;2;2;27;27;44.36;44.36;11.61;11.61;124;124;236;236;91;91;1507;492530;492530;159.38;159.38;141.74;141.74;43.64;43.64;208.59;208.59;128.67;128.67;7.5;7.5;8.6;8.6;0.11;76;76;165.4;165.4;163;163;103.46;103.46;241.3;241.3;216.97;216.97;127.78;127.78;146.09;146.09;117.43;117.43;81.24;81.24;2555;2191;2873;3204;1;1;0;0
rtgcspeedrun & Lefty46;Lefty46;1;1;100.00;604;604;0;0;3;3;4;4;2;2;10;10;2;2;1;1;0;433;48.74;2624;2624;1950;1950;674;674;25;25;61;61;562;562;280;280;282;282;4;4;26;26;30.62;30.62;44.88;44.88;310;310;571;571;124;124;1541;538652;538652;172.65;172.65;145.85;145.85;53.44;53.44;189.83;189.83;151.66;151.66;30.44;30.44;8.22;8.22;0.1;84;84;152.8;152.8;205.5;205.5;90.4;90.4;281.53;281.53;234.14;234.14;137.8;137.8;158.11;158.11;134.86;134.86;78.97;78.97;2059;2001;2200;2795;0;0;1;1
toe goblin & Leuma.s;Leuma.s;1;0;0.00;569;569;2;2;0;0;3;3;5;5;10;10;3;3;2;2;40;354;58.04;2141;2141;1527;1527;614;614;22;22;49;49;530;530;349;349;181;181;5;5;18;18;22.26;22.26;50.14;50.14;309;309;527;527;170;170;1530;499529;499529;171.94;171.94;135.79;135.79;42.88;42.88;233.05;233.05;103.97;103.97;13.58;13.58;5.64;5.64;0.12;46;46;166.5;166.5;169.4;169.4;100.13;100.13;250.47;250.47;218.07;218.07;132.53;132.53;160.08;160.08;113.65;113.65;76.87;76.87;2306;2244;2382;3013;0;0;0;0
matchmythickness & Lost;Lost;1;1;100.00;837;837;4;4;1;1;2;2;6;6;9;9;5;5;3;3;66.67;413;48.9;3058;3058;2380;2380;678;678;32;32;62;62;857;857;578;578;279;279;7;7;25;25;29.97;29.97;53.17;53.17;306;306;710;710;114;114;1516;594009;594009;215.66;215.66;154.61;154.61;64.98;64.98;221.12;221.12;194.76;194.76;19.38;19.38;12.28;12.28;0.1;123;123;157.2;157.2;237.4;237.4;127.77;127.77;307.49;307.49;251.5;251.5;183.76;183.76;191.9;191.9;135.54;135.54;107.82;107.82;2430;2326;2517;3128;0;0;0;0
910 & Magus;Magus;1;0;0.00;343;343;1;1;0;0;1;1;3;3;10;10;4;4;1;1;33.33;405;45.85;1871;1871;1280;1280;591;591;16;16;52;52;456;456;293;293;163;163;3;3;14;14;22.95;22.95;25.48;25.48;300;300;316;316;6;6;1553;405307;405307;121.53;121.53;117.76;117.76;41.13;41.13;152.12;152.12;116.9;116.9;11.4;11.4;6.21;6.21;0.09;72;72;120.2;120.2;144.9;144.9;81.61;81.61;198.81;198.81;186.23;186.23;94.19;94.19;124.19;124.19;99.78;99.78;56.45;56.45;2656;2386;2846;3624;0;0;1;1
Tempris & Maxiking;Maxiking;1;0;0.00;273;273;0;0;0;0;1;1;2;2;7;7;2;2;1;1;0;350;43.33;1985;1985;1392;1392;593;593;16;16;54;54;754;754;505;505;249;249;6;6;22;22;37.7;37.7;47.75;47.75;121;121;226;226;100;100;1356;431511;431511;189.46;189.46;125.76;125.76;18.05;18.05;199.01;199.01;121.81;121.81;12.44;12.44;1.89;1.89;0.11;18;18;146.1;146.1;192.2;192.2;91.98;91.98;241.28;241.28;198.08;198.08;135.18;135.18;143.9;143.9;103.33;103.33;86.03;86.03;2273;2018;2510;3354;1;1;1;1
MerkTheJerk06 & red5ohh;MerkTheJerk06;1;0;0.00;242;242;0;0;0;0;1;1;3;3;8;8;4;4;1;1;0;451;50.99;2457;2457;1844;1844;613;613;22;22;54;54;864;864;541;541;323;323;7;7;28;28;56.6;56.6;19.8;19.8;483;483;355;355;158;158;1709;509096;509096;104.78;104.78;142.11;142.11;69.69;69.69;175.9;175.9;129.16;129.16;11.51;11.51;4.22;4.22;0.1;41;41;139.8;139.8;170.4;170.4;101.85;101.85;214.72;214.72;184.52;184.52;132.06;132.06;138.3;138.3;80.61;80.61;97.67;97.67;2394;2011;2773;2819;1;1;3;3
charb845 & Mr. StealYourGoal;Mr. StealYourGoal;1;1;100.00;393;393;2;2;0;0;1;1;3;3;3;3;1;1;0;0;66.67;321;48.82;1578;1578;805;805;773;773;10;10;66;66;511;511;300;300;211;211;3;3;18;18;41.18;41.18;12.19;12.19;91;91;86;86;5;5;1456;399510;399510;145.14;145.14;123.67;123.67;20.69;20.69;168.39;168.39;110.52;110.52;10.58;10.58;7.86;7.86;0.13;59;59;120.5;120.5;154.8;154.8;75.72;75.72;213.78;213.78;163.27;163.27;126.23;126.23;117.29;117.29;96.69;96.69;75.51;75.51;2755;2711;2794;3364;0;0;0;0
MrkK1. & ARandomTqbyee;MrkK1.;1;1;100.00;320;320;0;0;2;2;1;1;3;3;5;5;1;1;0;0;0;393;50.76;2600;2600;1940;1940;660;660;23;23;58;58;412;412;272;272;140;140;3;3;12;12;48.44;48.44;56.87;56.87;401;401;382;382;27;27;1568;600072;600072;156.76;156.76;180.94;180.94;59.73;59.73;225.1;225.1;156.12;156.12;16.21;16.21;4.13;4.13;0.15;27;27;186.8;186.8;199.3;199.3;116.95;116.95;280.48;280.48;207.68;207.68;189.76;189.76;149.64;149.64;130.57;130.57;117.22;117.22;2438;2297;2594;3394;2;2;0;0
Mundan3 & Parslie;Mundan3;1;1;100.00;524;524;2;2;1;1;1;1;4;4;5;5;3;3;0;0;50;414;51.17;2408;2408;1841;1841;567;567;24;24;50;50;261;261;127;127;134;134;2;2;13;13;22.03;22.03;45.14;45.14;463;463;572;572;80;80;1471;493376;493376;188.87;188.87;132.41;132.41;44.41;44.41;236.19;236.19;112.3;112.3;17.2;17.2;10.76;10.76;0.09;122;122;197.7;197.7;146.2;146.2;66.96;66.96;298.74;298.74;240.41;240.41;125.29;125.29;174.78;174.78;128.65;128.65;62.26;62.26;2493;2534;2415;2952;0;0;1;1
Naimbois & iRexiSs;Naimbois;1;0;0.00;268;268;0;0;0;0;1;1;3;3;8;8;3;3;2;2;0;298;45.79;1851;1851;1245;1245;606;606;15;15;48;48;326;326;142;142;184;184;2;2;16;16;54.64;54.64;44.91;44.91;31;31;274;274;60;60;1453;467983;467983;172.62;172.62;139.15;139.15;28.74;28.74;174.86;174.86;155.08;155.08;10.57;10.57;8.54;8.54;0.14;59;59;169.6;169.6;156.6;156.6;101.52;101.52;238.99;238.99;214.01;214.01;126.5;126.5;166.41;166.41;102.05;102.05;72.05;72.05;2471;2166;2629;2977;0;0;1;1
Jakey Bakes & Nickygugu;Nickygugu;1;1;100.00;620;620;2;2;1;1;2;2;3;3;13;13;3;3;1;1;66.67;313;48.16;2454;2454;1566;1566;888;888;20;20;73;73;298;298;0;0;298;298;0;0;19;19;49.79;49.79;50.8;50.8;494;494;455;455;5;5;1480;671810;671810;231.15;231.15;199.83;199.83;51.01;51.01;268.27;268.27;191.8;191.8;21.92;21.92;3.58;3.58;0.08;44;44;191.2;191.2;277.3;277.3;124.83;124.83;357.15;357.15;325.46;325.46;156.53;156.53;246.56;246.56;147.06;147.06;88.36;88.36;2312;2468;2183;3214;3;3;2;2
TTV_KiloGram30 & NottaG V2;NottaG V2;1;1;100.00;470;470;2;2;0;0;1;1;6;6;6;6;2;2;0;0;33.33;418;46.36;2594;2594;1858;1858;736;736;22;22;60;60;311;311;100;100;211;211;1;1;19;19;59.78;59.78;43.06;43.06;205;205;304;304;16;16;1641;542691;542691;132.4;132.4;153.48;153.48;68.28;68.28;182.88;182.88;159.97;159.97;11.31;11.31;4.1;4.1;0.09;47;47;154.8;154.8;184.1;184.1;110.85;110.85;243.31;243.31;214.03;214.03;140.12;140.12;164.91;164.91;101.63;101.63;87.61;87.61;2918;2823;2988;3581;0;0;0;0
oke & Optic_gameur49;Optic_gameur49;1;0;0.00;278;278;0;0;0;0;1;1;2;2;8;8;2;2;1;1;0;423;53.9;2852;2852;2185;2185;667;667;27;27;62;62;332;332;198;198;134;134;2;2;12;12;28.77;28.77;48;48;639;639;529;529;7;7;1614;604915;604915;148.77;148.77;170.05;170.05;73.16;73.16;234.87;234.87;142.26;142.26;14.85;14.85;6.24;6.24;0.11;57;57;178.8;178.8;211.5;211.5;101.07;101.07;290.91;290.91;263.23;263.23;128.76;128.76;204.22;204.22;106.68;106.68;81.09;81.09;2205;1789;2616;2716;0;0;1;1
P.P & So-KIllz;P.P;1;1;100.00;684;684;2;2;1;1;3;3;4;4;6;6;1;1;0;0;50;384;52.58;2123;2123;1583;1583;540;540;19;19;49;49;731;731;510;510;221;221;6;6;20;20;39.35;39.35;34.62;34.62;219;219;345;345;105;105;1351;430933;430933;193.65;193.65;125.68;125.68;21.07;21.07;197.07;197.07;137.06;137.06;6.27;6.27;7.05;7.05;0.17;41;41;159.1;159.1;171.9;171.9;80.57;80.57;259.83;259.83;186.58;186.58;153.81;153.81;130.86;130.86;110.36;110.36;99.18;99.18;2217;2094;2409;2809;0;0;1;1
Mundan3 & Parslie;Parslie;1;1;100.00;428;428;2;2;1;1;0;0;4;4;5;5;3;3;3;3;50;412;47.75;2352;2352;1681;1681;671;671;19;19;60;60;298;298;84;84;214;214;1;1;20;20;25.35;25.35;11.86;11.86;211;211;213;213;24;24;1544;524421;524421;164.2;164.2;154.64;154.64;49.86;49.86;186.68;186.68;162.65;162.65;19.37;19.37;5.57;5.57;0.11;53;53;148.3;148.3;197.8;197.8;101.1;101.1;267.59;267.59;222.13;222.13;146.57;146.57;154.98;154.98;121.72;121.72;91.99;91.99;2433;2214;2666;2952;0;0;0;0
Red & a twitch reinh44;Red;1;0;0.00;639;639;2;2;2;2;2;2;4;4;11;11;6;6;1;1;50;409;48.44;2746;2746;2113;2113;633;633;23;23;57;57;469;469;300;300;169;169;3;3;14;14;64.1;64.1;27.21;27.21;307;307;193;193;0;0;1495;581827;581827;217.04;217.04;158.18;158.18;58.03;58.03;243.12;243.12;169.95;169.95;20.17;20.17;4.65;4.65;0.09;52;52;183.3;183.3;211.3;211.3;139.02;139.02;294.22;294.22;287.5;287.5;145.74;145.74;221.88;221.88;125.74;125.74;85.63;85.63;2748;2582;2879;3204;0;0;0;0
n o a h & Respawn;Respawn;1;0;0.00;52;52;0;0;0;0;0;0;1;1;5;5;5;5;3;3;0;403;41.58;992;992;714;714;278;278;8;8;24;24;108;108;0;0;108;108;0;0;9;9;25.16;25.16;16.03;16.03;134;134;85;85;0;0;1438;177324;177324;81.6;81.6;46.59;46.59;15.93;15.93;84.74;84.74;54.14;54.14;5.25;5.25;1.53;1.53;0.17;9;9;59.7;59.7;67.4;67.4;43.52;43.52;100.61;100.61;104.3;104.3;39.83;39.83;76.01;76.01;52.55;52.55;15.57;15.57;2654;2248;2925;3287;0;0;0;0
Sem & [Live]TTV/olinho17_tv;Sem;1;1;100.00;539;539;0;0;3;3;2;2;3;3;4;4;1;1;1;1;0;306;60.58;1764;1764;1050;1050;714;714;15;15;66;66;225;225;36;36;189;189;1;1;17;17;28.76;28.76;54.53;54.53;124;124;417;417;72;72;1394;452597;452597;196.58;196.58;124.84;124.84;23.33;23.33;217.53;217.53;114.53;114.53;12.69;12.69;5.9;5.9;0.12;49;49;178.5;178.5;157.9;157.9;95.42;95.42;249.32;249.32;226.43;226.43;118.32;118.32;180.34;180.34;96.83;96.83;67.57;67.57;2608;2843;2354;3744;0;0;1;1
Short & sae.;Short;1;0;0.00;367;367;1;1;0;0;1;1;3;3;9;9;2;2;0;0;33.33;321;48.1;1757;1757;968;968;789;789;12;12;62;62;404;404;243;243;161;161;3;3;14;14;50.45;50.45;46.62;46.62;209;209;241;241;63;63;1439;461215;461215;167.8;167.8;150.52;150.52;16.33;16.33;197.4;197.4;118.28;118.28;18.97;18.97;3.65;3.65;0.11;34;34;159.9;159.9;168.4;168.4;105.07;105.07;229.58;229.58;220.26;220.26;114.39;114.39;171.51;171.51;107.87;107.87;55.27;55.27;2704;2395;2945;3023;0;0;1;1
P.P & So-KIllz;So-KIllz;1;1;100.00;450;450;1;1;2;2;0;0;4;4;6;6;1;1;1;1;25;377;47.81;2243;2243;1676;1676;567;567;20;20;52;52;647;647;446;446;201;201;5;5;18;18;37.69;37.69;36.59;36.59;86;86;242;242;0;0;1406;454640;454640;181.85;181.85;140.03;140.03;21.7;21.7;210.04;210.04;117.3;117.3;16.24;16.24;6.21;6.21;0.13;49;49;174;174;156.1;156.1;96.52;96.52;247.05;247.05;209.12;209.12;134.45;134.45;150.25;150.25;109.71;109.71;83.61;83.61;2222;2256;2197;2809;1;1;0;0
VenialPlayer867 & Souless;Souless;1;0;0.00;864;864;2;2;1;1;6;6;6;6;11;11;4;4;2;2;33.33;487;48.32;2970;2970;2372;2372;598;598;25;25;48;48;628;628;468;468;160;160;5;5;14;14;60.87;60.87;24.69;24.69;341;341;137;137;31;31;1541;526810;526810;167.04;167.04;158.45;158.45;47.76;47.76;188.42;188.42;158.22;158.22;26.6;26.6;8.46;8.46;0.09;92;92;160.1;160.1;190.2;190.2;99.51;99.51;273.74;273.74;246.49;246.49;126.75;126.75;194.09;194.09;103.38;103.38;75.78;75.78;1925;1590;2281;2934;0;0;0;0
Dereck Lively II MVP 2025 & SpaceMonkeyBravo;SpaceMonkeyBravo;1;1;100.00;768;768;2;2;4;4;2;2;4;4;13;13;4;4;3;3;50;372;46.32;2162;2162;1719;1719;443;443;19;19;44;44;214;214;87;87;127;127;1;1;13;13;41.74;41.74;48.81;48.81;126;126;190;190;17;17;1422;510957;510957;226.56;226.56;143.33;143.33;31.38;31.38;237.85;237.85;143.59;143.59;19.84;19.84;11.38;11.38;0.14;82;82;220.5;220.5;162.6;162.6;80.54;80.54;320.73;320.73;271.85;271.85;129.42;129.42;217.94;217.94;115.15;115.15;68.19;68.19;2808;2632;3056;3502;0;0;1;1
SpraySprint_ & ella._-;SpraySprint_;1;0;0.00;478;478;2;2;1;1;2;2;4;4;14;14;6;6;2;2;50;355;51.03;2288;2288;1445;1445;843;843;17;17;72;72;527;527;200;200;327;327;2;2;28;28;37.75;37.75;28.29;28.29;234;234;278;278;0;0;1366;488561;488561;228.33;228.33;143.75;143.75;26.95;26.95;265.81;265.81;124.96;124.96;8.26;8.26;3.5;3.5;0.08;42;42;200.9;200.9;172.4;172.4;127.04;127.04;271.99;271.99;254.51;254.51;144.52;144.52;193.25;193.25;112.29;112.29;93.5;93.5;2635;2619;2680;2813;1;1;1;1
id & Sr9d1;Sr9d1;1;0;0.00;410;410;1;1;0;0;2;2;5;5;4;4;3;3;1;1;20;415;49.86;2119;2119;1421;1421;698;698;20;20;57;57;425;425;161;161;264;264;3;3;23;23;42.57;42.57;30.84;30.84;253;253;597;597;148;148;1454;419371;419371;156.81;156.81;117.67;117.67;29.46;29.46;180.65;180.65;113.85;113.85;9.44;9.44;6.15;6.15;0.11;57;57;128.3;128.3;163.9;163.9;93.19;93.19;210.75;210.75;168.47;168.47;135.47;135.47;119.57;119.57;101.69;101.69;82.68;82.68;2373;2137;2507;3083;0;0;0;0
Heca & SwiftRezzi;SwiftRezzi;1;1;100.00;695;695;2;2;0;0;3;3;7;7;7;7;1;1;1;1;28.57;411;54.75;3142;3142;2183;2183;959;959;31;31;84;84;670;670;340;340;330;330;4;4;28;28;31.21;31.21;74.54;74.54;677;677;933;933;60;60;1462;644197;644197;222.43;222.43;175.16;175.16;59.2;59.2;254.5;254.5;191.14;191.14;11.15;11.15;9.28;9.28;0.09;100;100;225.3;225.3;235.7;235.7;127.09;127.09;329.7;329.7;286.99;286.99;169.8;169.8;221.37;221.37;144.59;144.59;90.82;90.82;2367;2199;2518;3363;2;2;2;2
TTV_KiloGram30 & NottaG V2;TTV_KiloGram30;1;1;100.00;326;326;1;1;1;1;0;0;4;4;6;6;2;2;2;2;25;302;53.08;1841;1841;1263;1263;578;578;16;16;54;54;211;211;0;0;211;211;0;0;18;18;37.67;37.67;46.83;46.83;117;117;378;378;0;0;1382;456923;456923;197.94;197.94;125.59;125.59;30.34;30.34;217.89;217.89;134.32;134.32;1.65;1.65;4.87;4.87;0.14;36;36;184.6;184.6;155.9;155.9;71.5;71.5;282.37;282.37;218.4;218.4;135.47;135.47;155.33;155.33;126.81;126.81;71.73;71.73;2559;2505;2612;3581;0;0;0;0
Tempris & Maxiking;Tempris;1;0;0.00;457;457;1;1;0;0;3;3;5;5;7;7;2;2;1;1;20;320;54.92;1892;1892;1069;1069;823;823;14;14;72;72;666;666;427;427;239;239;5;5;21;21;17.97;17.97;61.99;61.99;75;75;276;276;69;69;1368;427894;427894;198.35;198.35;112.02;112.02;18.34;18.34;228.83;228.83;93.13;93.13;6.75;6.75;10.91;10.91;0.13;83;83;201.1;201.1;136.8;136.8;77.16;77.16;251.55;251.55;214.68;214.68;114.04;114.04;167.85;167.85;85.45;85.45;75.42;75.42;2781;2668;2887;3354;0;0;3;3
TheyTookErrrJobs & *******;TheyTookErrrJobs;1;1;100.00;619;619;2;2;1;1;2;2;2;2;9;9;1;1;1;1;100;270;62.94;1454;1454;927;927;527;527;13;13;51;51;274;274;168;168;106;106;3;3;10;10;19.05;19.05;36.25;36.25;125;125;360;360;136;136;1402;403793;403793;172.98;172.98;110.97;110.97;20.02;20.02;201.57;201.57;97.34;97.34;5.07;5.07;5;5;0.11;46;46;147.5;147.5;142.2;142.2;73.13;73.13;230.84;230.84;211.96;211.96;92.02;92.02;162.07;162.07;96.28;96.28;45.62;45.62;2528;2443;2517;3145;0;0;0;0
This is not my main & auzcr;This is not my main;1;1;100.00;374;374;1;1;1;1;1;1;3;3;5;5;1;1;1;1;33.33;529;55.84;2904;2904;2222;2222;682;682;29;29;63;63;937;937;645;645;292;292;8;8;26;26;31.01;31.01;37.08;37.08;465;465;712;712;158;158;1621;520457;520457;126.79;126.79;128.06;128.06;81.54;81.54;189.21;189.21;125.98;125.98;21.2;21.2;6.54;6.54;0.13;50;50;151.5;151.5;177.2;177.2;123.69;123.69;212.69;212.69;174.57;174.57;161.82;161.82;129.09;129.09;95.7;95.7;111.59;111.59;2251;2138;2376;3131;0;0;0;0
Timelog & pattie98;Timelog;1;0;0.00;492;492;1;1;0;0;2;2;5;5;12;12;5;5;1;1;20;374;57.3;2395;2395;1757;1757;638;638;24;24;62;62;635;635;386;386;249;249;6;6;24;24;27;27;63.28;63.28;114;114;594;594;175;175;1558;535378;535378;162.94;162.94;163.18;163.18;46.82;46.82;202.31;202.31;153.69;153.69;16.94;16.94;11.21;11.21;0.11;100;100;197.9;197.9;160.8;160.8;107.37;107.37;265.57;265.57;241.11;241.11;131.83;131.83;189.52;189.52;95.16;95.16;88.26;88.26;2677;2511;2921;3288;1;1;0;0
Uh Oh Peach & Ant-GG;Uh Oh Peach;1;1;100.00;649;649;4;4;1;1;0;0;4;4;2;2;0;0;0;0;100;430;41.26;863;863;569;569;294;294;6;6;26;26;289;289;184;184;105;105;2;2;10;10;25.19;25.19;7.47;7.47;34;34;18;18;2;2;1553;200364;200364;65.98;65.98;57.41;57.41;24.09;24.09;74.25;74.25;65.92;65.92;7.31;7.31;2.27;2.27;0.12;19;19;52.5;52.5;75;75;31.32;31.32;116.16;116.16;83.29;83.29;64.19;64.19;63.59;63.59;41.32;41.32;42.58;42.58;2168;2009;2397;2788;0;0;0;0
VenialPlayer867 & Souless;VenialPlayer867;1;0;0.00;358;358;1;1;1;1;1;1;2;2;11;11;4;4;2;2;50;360;53.94;2282;2282;1606;1606;676;676;22;22;63;63;361;361;130;130;231;231;3;3;21;21;30.74;30.74;60.99;60.99;597;597;628;628;180;180;1477;506216;506216;195.2;195.2;130.88;130.88;47.27;47.27;247.87;247.87;112.28;112.28;13.2;13.2;6.18;6.18;0.1;62;62;188.8;188.8;155.3;155.3;102.16;102.16;271.19;271.19;248.08;248.08;125.27;125.27;193.45;193.45;109.64;109.64;70.26;70.26;2524;2677;2365;2934;0;0;0;0
Vinichiro & Ayeooh;Vinichiro;1;0;0.00;559;559;1;1;1;1;2;2;8;8;9;9;4;4;2;2;12.5;397;56.9;3336;3336;2543;2543;793;793;36;36;72;72;797;797;560;560;237;237;7;7;21;21;31;31;86.46;86.46;252;252;880;880;38;38;1463;658821;658821;244.4;244.4;184.21;184.21;50.3;50.3;317.37;317.37;146.52;146.52;15.02;15.02;15.65;15.65;0.12;132;132;289.7;289.7;177.3;177.3;120.69;120.69;358.22;358.22;291.68;291.68;187.23;187.23;217.92;217.92;158.05;158.05;102.94;102.94;2574;2359;2791;3306;2;2;3;3
Weedy & Klaenex_;Weedy;1;0;0.00;287;287;0;0;1;1;2;2;2;2;7;7;3;3;2;2;0;371;57.56;1841;1841;1215;1215;626;626;15;15;54;54;155;155;0;0;155;155;0;0;13;13;12.14;12.14;37.91;37.91;189;189;302;302;0;0;1452;383350;383350;152.1;152.1;86.55;86.55;42.29;42.29;170.76;170.76;106.42;106.42;3.77;3.77;7.26;7.26;0.15;49;49;152.2;152.2;111.8;111.8;75.68;75.68;205.26;205.26;189.32;189.32;91.62;91.62;139.04;139.04;96.45;96.45;45.45;45.45;2693;2573;2800;2918;1;1;0;0
Xelfire72 & Brightolly;Xelfire72;1;1;100.00;723;723;3;3;2;2;2;2;4;4;8;8;3;3;2;2;75;320;41.86;1629;1629;902;902;727;727;10;10;63;63;310;310;100;100;210;210;1;1;18;18;67.91;67.91;15;15;46;46;110;110;0;0;1363;399388;399388;194.99;194.99;101.08;101.08;32.55;32.55;196.3;196.3;121.95;121.95;10.38;10.38;9.68;9.68;0.17;58;58;152.5;152.5;144.5;144.5;75.05;75.05;253.58;253.58;209.29;209.29;119.34;119.34;157.72;157.72;98.38;98.38;72.53;72.53;2364;2315;2483;2737;0;0;1;1
Sem & [Live]TTV/olinho17_tv;[Live]TTV/olinho17_tv;1;1;100.00;599;599;3;3;0;0;1;1;7;7;4;4;1;1;0;0;42.86;366;55.57;2169;2169;1755;1755;414;414;22;22;37;37;646;646;487;487;159;159;6;6;15;15;23.38;23.38;53.03;53.03;285;285;453;453;112;112;1441;468928;468928;162.87;162.87;145.46;145.46;36.11;36.11;213.19;213.19;114.39;114.39;16.86;16.86;5.04;5.04;0.14;36;36;161.8;161.8;175.7;175.7;103.39;103.39;241.04;241.04;217.27;217.27;127.16;127.16;178.53;178.53;79.3;79.3;86.6;86.6;2582;2300;2911;3744;1;1;1;1
Red & a twitch reinh44;a twitch reinh44;1;0;0.00;752;752;3;3;1;1;3;3;5;5;11;11;6;6;5;5;60;403;43.13;2595;2595;1778;1778;817;817;19;19;67;67;347;347;120;120;227;227;2;2;20;20;77.78;77.78;43.07;43.07;513;513;131;131;86;86;1449;553795;553795;230.86;230.86;135.12;135.12;61.78;61.78;231.62;231.62;168.55;168.55;27.58;27.58;6.39;6.39;0.12;52;52;212.8;212.8;179.1;179.1;105.64;105.64;322.11;322.11;277.7;277.7;150.06;150.06;220.46;220.46;122.11;122.11;85.18;85.18;2295;2087;2405;3204;1;1;1;1
alex & DiamondPickaxe64;alex;1;0;0.00;460;460;1;1;1;1;1;1;7;7;7;7;3;3;2;2;14.29;379;52.4;2340;2340;1712;1712;628;628;20;20;58;58;515;515;309;309;206;206;4;4;18;18;62.75;62.75;40.52;40.52;212;212;218;218;100;100;1484;514908;514908;195.94;195.94;128.18;128.18;44.94;44.94;209.66;209.66;125.87;125.87;33.53;33.53;5.21;5.21;0.11;47;47;172;172;187.4;187.4;108.09;108.09;260.98;260.98;227.77;227.77;141.3;141.3;156.97;156.97;133.13;133.13;78.97;78.97;2258;2255;2246;3104;0;0;2;2
This is not my main & auzcr;auzcr;1;1;100.00;656;656;1;1;1;1;3;3;6;6;5;5;1;1;0;0;16.67;505;51.72;2768;2768;2096;2096;672;672;28;28;60;60;832;832;476;476;356;356;5;5;31;31;40.87;40.87;41.03;41.03;465;465;704;704;23;23;1768;568096;568096;95.28;95.28;149.38;149.38;92.98;92.98;134.73;134.73;185.36;185.36;17.55;17.55;4.43;4.43;0.08;55;55;176.6;176.6;153;153;91.84;91.84;245.8;245.8;183.13;183.13;154.51;154.51;138.31;138.31;100.19;100.19;99.13;99.13;2541;2051;3155;3131;1;1;0;0
dezedene & byE;byE;1;1;100.00;783;783;2;2;2;2;3;3;4;4;9;9;2;2;1;1;50;284;47.85;1758;1758;1229;1229;529;529;17;17;45;45;140;140;8;8;132;132;2;2;11;11;29.17;29.17;30.71;30.71;107;107;470;470;191;191;1367;466750;466750;210.41;210.41;137.4;137.4;25.09;25.09;221.71;221.71;130.13;130.13;21.06;21.06;7.2;7.2;0.18;40;40;175;175;184;184;86.1;86.1;286.8;286.8;250.6;250.6;122.29;122.29;201.63;201.63;100.9;100.9;70.37;70.37;2650;2767;2621;3474;0;0;0;0
charb845 & Mr. StealYourGoal;charb845;1;1;100.00;457;457;1;1;1;1;1;1;3;3;3;3;1;1;1;1;33.33;386;47.96;1753;1753;1368;1368;385;385;16;16;36;36;359;359;292;292;67;67;3;3;6;6;36.86;36.86;41.1;41.1;285;285;258;258;7;7;1348;365458;365458;169.51;169.51;88.25;88.25;27.93;27.93;170.07;170.07;114.89;114.89;0.74;0.74;0;0;0;0;0;152.2;152.2;120.5;120.5;49.79;49.79;235.9;235.9;201.89;201.89;83.8;83.8;139.48;139.48;102.19;102.19;44.03;44.03;2700;2529;2893;3364;0;0;0;0
dezedene & byE;dezedene;1;1;100.00;665;665;3;3;0;0;2;2;8;8;9;9;2;2;1;1;37.5;375;44.71;2123;2123;1634;1634;489;489;17;17;46;46;433;433;300;300;133;133;3;3;13;13;39.2;39.2;42.1;42.1;259;259;76;76;7;7;1464;486595;486595;180.97;180.97;138.38;138.38;43.26;43.26;221.8;221.8;131.54;131.54;9.27;9.27;3;3;0.17;18;18;185.5;185.5;172.9;172.9;84.74;84.74;277.87;277.87;235.64;235.64;126.98;126.98;184.1;184.1;110.01;110.01;68.5;68.5;2689;2886;2640;3474;1;1;3;3
Dummydum & edc851969;edc851969;1;1;100.00;304;304;0;0;0;0;2;2;3;3;7;7;1;1;0;0;0;372;49.03;2172;2172;1629;1629;543;543;20;20;48;48;430;430;205;205;225;225;3;3;20;20;35.17;35.17;35.67;35.67;296;296;382;382;95;95;1483;472764;472764;165.55;165.55;130.3;130.3;38.93;38.93;222.4;222.4;102.9;102.9;9.48;9.48;5.4;5.4;0.12;44;44;165;165;162.9;162.9;87.11;87.11;247.67;247.67;193.95;193.95;140.84;140.84;140.71;140.71;121.14;121.14;72.93;72.93;2293;1945;2550;2826;0;0;1;1
SpraySprint_ & ella._-;ella._-;1;0;0.00;817;817;2;2;2;2;4;4;9;9;14;14;6;6;4;4;22.22;420;46.74;2902;2902;1935;1935;967;967;24;24;85;85;894;894;482;482;412;412;5;5;36;36;31.72;31.72;44.81;44.81;507;507;300;300;7;7;1552;556953;556953;194.55;194.55;133.61;133.61;73.83;73.83;235.35;235.35;156.81;156.81;9.83;9.83;10.18;10.18;0.09;112;112;175.6;175.6;195.9;195.9;117.66;117.66;284.33;284.33;259.53;259.53;142.46;142.46;208.91;208.91;94.87;94.87;98.21;98.21;1654;1465;1801;2813;0;0;0;0
Naimbois & iRexiSs;iRexiSs;1;0;0.00;399;399;1;1;0;0;2;2;3;3;8;8;3;3;1;1;33.33;429;49.97;2425;2425;1740;1740;685;685;21;21;54;54;655;655;466;466;189;189;5;5;18;18;68.36;68.36;27.75;27.75;336;336;369;369;35;35;1537;499375;499375;148.14;148.14;153.86;153.86;41.48;41.48;216.32;216.32;120.77;120.77;6.38;6.38;4.5;4.5;0.13;36;36;159.3;159.3;170.3;170.3;95.97;95.97;247.5;247.5;230.13;230.13;113.35;113.35;175.65;175.65;94.21;94.21;73.62;73.62;2305;2128;2429;2977;1;1;0;0
id & Sr9d1;id;1;0;0.00;238;238;0;0;1;1;0;0;4;4;4;4;3;3;2;2;0;354;54.23;1850;1850;1318;1318;532;532;19;19;50;50;593;593;350;350;243;243;5;5;22;22;17.93;17.93;58.07;58.07;123;123;638;638;170;170;1493;430410;430410;141.02;141.02;127.32;127.32;35.11;35.11;164.75;164.75;132.58;132.58;6.12;6.12;5.73;5.73;0.09;67;67;163;163;127.1;127.1;77.83;77.83;225.61;225.61;183.68;183.68;119.77;119.77;131.56;131.56;92.61;92.61;79.28;79.28;2705;2296;3033;3083;0;0;0;0
iiZunder & mathius032;iiZunder;1;0;0.00;166;166;0;0;0;0;1;1;0;0;6;6;3;3;2;2;0;412;50.59;1939;1939;1367;1367;572;572;17;17;53;53;503;503;375;375;128;128;4;4;11;11;35.93;35.93;23.67;23.67;219;219;330;330;12;12;1520;415781;415781;125.19;125.19;127.97;127.97;36.24;36.24;157.56;157.56;118.55;118.55;13.29;13.29;5.29;5.29;0.13;40;40;122.5;122.5;150;150;93.86;93.86;195.54;195.54;183.18;183.18;106.22;106.22;142.61;142.61;80.07;80.07;66.72;66.72;2378;1983;2783;2739;0;0;0;0
keipra & Jab;keipra;1;1;100.00;392;392;2;2;0;0;0;0;4;4;6;6;1;1;1;1;50;345;45.94;1818;1818;1262;1262;556;556;15;15;50;50;322;322;224;224;98;98;3;3;10;10;56.9;56.9;20.4;20.4;185;185;228;228;75;75;1524;462540;462540;150.86;150.86;138.98;138.98;33.1;33.1;205.27;205.27;110.29;110.29;7.39;7.39;6.95;6.95;0.13;53;53;136.6;136.6;172.9;172.9;95.59;95.59;227.36;227.36;212.87;212.87;110.08;110.08;155.48;155.48;100.8;100.8;66.67;66.67;2655;2500;2817;3183;2;2;1;1
matchmythickness & Lost;matchmythickness;1;1;100.00;608;608;2;2;2;2;2;2;5;5;9;9;5;5;2;2;40;507;48.64;3337;3337;2637;2637;700;700;29;29;63;63;637;637;370;370;267;267;4;4;25;25;60.05;60.05;45.01;45.01;494;494;281;281;40;40;1563;605535;605535;204.55;204.55;162.26;162.26;65.9;65.9;276.49;276.49;134.72;134.72;21.51;21.51;13.22;13.22;0.1;127;127;236.9;236.9;153.5;153.5;84.63;84.63;348.09;348.09;271.47;271.47;161.25;161.25;205.76;205.76;147.15;147.15;79.8;79.8;2358;2233;2488;3128;1;1;1;1
iiZunder & mathius032;mathius032;1;0;0.00;334;334;1;1;0;0;1;1;3;3;6;6;3;3;1;1;33.33;410;52.48;1956;1956;1323;1323;633;633;18;18;56;56;377;377;198;198;179;179;4;4;16;16;7.21;7.21;21.16;21.16;132;132;492;492;203;203;1526;417720;417720;143.89;143.89;107.8;107.8;37.65;37.65;164.19;164.19;108.1;108.1;17.05;17.05;9.18;9.18;0.13;69;69;154.3;154.3;122.7;122.7;78.41;78.41;210.92;210.92;192.69;192.69;96.64;96.64;137.6;137.6;106.5;106.5;45.24;45.24;2066;1855;2247;2739;0;0;0;0
n o a h & Respawn;n o a h;1;0;0.00;48;48;0;0;0;0;0;0;1;1;5;5;5;5;2;2;0;396;49.52;999;999;761;761;238;238;10;10;21;21;164;164;92;92;72;72;1;1;6;6;12.75;12.75;35.73;35.73;153;153;252;252;7;7;1467;188642;188642;74.55;74.55;54.1;54.1;18.94;18.94;76.57;76.57;59.92;59.92;11.09;11.09;1.32;1.32;0.12;11;11;68.2;68.2;63.3;63.3;47.62;47.62;99.97;99.97;115.72;115.72;31.87;31.87;89.66;89.66;36.45;36.45;21.48;21.48;2881;2487;3233;3287;0;0;0;0
nattekaashaar. & Kizz;nattekaashaar.;1;1;100.00;915;915;3;3;1;1;4;4;6;6;12;12;2;2;0;0;50;403;52.49;2309;2309;1820;1820;489;489;24;24;37;37;880;880;593;593;287;287;7;7;19;19;43.1;43.1;51.2;51.2;403;403;600;600;120;120;1563;499939;499939;145.78;145.78;138.23;138.23;55.67;55.67;198.87;198.87;126.56;126.56;14.25;14.25;7.45;7.45;0.16;47;47;136.8;136.8;190.6;190.6;91.39;91.39;248.29;248.29;205.44;205.44;134.24;134.24;152.68;152.68;102.43;102.43;84.58;84.58;2202;1766;2695;2829;0;0;2;2
oke & Optic_gameur49;oke;1;0;0.00;625;625;1;1;0;0;5;5;3;3;8;8;2;2;1;1;33.33;379;50.37;2349;2349;1764;1764;585;585;21;21;53;53;432;432;256;256;176;176;3;3;16;16;45.39;45.39;64.43;64.43;181;181;301;301;43;43;1463;550346;550346;199.45;199.45;144.11;144.11;48.47;48.47;224.98;224.98;148.88;148.88;18.16;18.16;7.02;7.02;0.1;72;72;211;211;178.3;178.3;99.98;99.98;292.05;292.05;268.2;268.2;123.83;123.83;218.48;218.48;97.4;97.4;76.15;76.15;2090;1788;2354;2716;1;1;1;1
Timelog & pattie98;pattie98;1;0;0.00;456;456;1;1;0;0;3;3;4;4;12;12;5;5;4;4;25;333;47.18;1972;1972;1246;1246;726;726;16;16;64;64;679;679;459;459;220;220;5;5;20;20;12.26;12.26;13.5;13.5;139;139;368;368;49;49;1384;465188;465188;194.94;194.94;144.93;144.93;28.13;28.13;231.64;231.64;125.71;125.71;10.66;10.66;7.54;7.54;0.11;68;68;164.2;164.2;189.6;189.6;126.74;126.74;241.27;241.27;209.29;209.29;158.72;158.72;159.42;159.42;113.02;113.02;95.57;95.57;2518;2439;2657;3288;2;2;1;1
MerkTheJerk06 & red5ohh;red5ohh;1;0;0.00;495;495;1;1;0;0;3;3;3;3;8;8;4;4;3;3;33.33;422;49.5;2252;2252;1772;1772;480;480;21;21;43;43;460;460;300;300;160;160;4;4;15;15;30.16;30.16;24.66;24.66;172;172;327;327;100;100;1574;482719;482719;137.11;137.11;140.06;140.06;48.83;48.83;191.83;191.83;124.45;124.45;9.72;9.72;8.35;8.35;0.14;61;61;175.6;175.6;139.3;139.3;80.86;80.86;245.14;245.14;195.92;195.92;130.08;130.08;143.1;143.1;106.55;106.55;76.35;76.35;1962;1855;2039;2819;1;1;0;0
rtgcspeedrun & Lefty46;rtgcspeedrun;1;1;100.00;833;833;3;3;0;0;3;3;5;5;10;10;2;2;1;1;60;421;55.29;2627;2627;1998;1998;629;629;26;26;59;59;593;593;381;381;212;212;5;5;19;19;24.89;24.89;83.54;83.54;249;249;581;581;129;129;1525;538852;538852;175.52;175.52;144.25;144.25;55.21;55.21;217.3;217.3;139.59;139.59;18.09;18.09;8.63;8.63;0.12;74;74;208.9;208.9;152.9;152.9;77.65;77.65;297.33;297.33;240.81;240.81;134.17;134.17;179.71;179.71;115.14;115.14;80.12;80.12;2267;2012;2562;2795;3;3;0;0
Short & sae.;sae.;1;0;0.00;204;204;0;0;0;0;1;1;2;2;9;9;2;2;2;2;0;355;45.94;1952;1952;1218;1218;734;734;16;16;60;60;616;616;349;349;267;267;4;4;24;24;35.24;35.24;31.05;31.05;105;105;280;280;9;9;1493;481648;481648;159.91;159.91;129.32;129.32;48.52;48.52;189.78;189.78;132.74;132.74;15.22;15.22;4.67;4.67;0.16;30;30;171.3;171.3;159.8;159.8;92.29;92.29;245.45;245.45;220.6;220.6;117.15;117.15;162.81;162.81;101.98;101.98;72.96;72.96;2206;1799;2543;3023;0;0;0;0
Jinndoken & saint_fu;saint_fu;1;1;100.00;603;603;2;2;2;2;2;2;3;3;11;11;4;4;1;1;66.67;302;49.39;2299;2299;1481;1481;818;818;21;21;70;70;239;239;47;47;192;192;1;1;16;16;14.88;14.88;63.67;63.67;313;313;487;487;0;0;1403;542966;542966;231.81;231.81;161.46;161.46;31.99;31.99;259.78;259.78;155.04;155.04;10.44;10.44;13.86;13.86;0.1;133;133;205.3;205.3;201.9;201.9;105.68;105.68;319.58;319.58;274.72;274.72;150.54;150.54;190.55;190.55;153.47;153.47;81.25;81.25;2828;3060;2567;3285;1;1;3;3
spin & Drippy Ep;spin;1;1;100.00;462;462;2;2;0;0;1;1;7;7;8;8;3;3;1;1;28.57;344;45.14;2191;2191;1500;1500;691;691;18;18;63;63;418;418;200;200;218;218;2;2;20;20;63.14;63.14;56.88;56.88;250;250;266;266;21;21;1468;502884;502884;195.49;195.49;124.19;124.19;52.6;52.6;211.04;211.04;146.92;146.92;14.32;14.32;10.76;10.76;0.1;112;112;171.4;171.4;174.5;174.5;90.36;90.36;281.93;281.93;225.75;225.75;146.53;146.53;164.43;164.43;127.56;127.56;80.28;80.28;2714;2274;3140;3055;0;0;0;0
toe goblin & Leuma.s;toe goblin;1;0;0.00;488;488;0;0;2;2;2;2;1;1;10;10;3;3;1;1;0;435;44.44;2544;2544;1992;1992;552;552;23;23;47;47;587;587;443;443;144;144;5;5;12;12;70.9;70.9;31.03;31.03;580;580;310;310;56;56;1533;507812;507812;165.41;165.41;131.19;131.19;57.74;57.74;186.9;186.9;146.93;146.93;20.5;20.5;4.32;4.32;0.11;40;40;173.3;173.3;169.7;169.7;102.76;102.76;251.58;251.58;241.45;241.45;112.89;112.89;189.68;189.68;89.38;89.38;75.27;75.27;2224;2126;2323;3013;0;0;0;0
up tm8 gc & HNSlaysix0;up tm8 gc;1;1;100.00;464;464;2;2;1;1;1;1;4;4;4;4;1;1;1;1;50;430;46.47;1858;1858;1348;1348;510;510;16;16;48;48;463;463;311;311;152;152;4;4;17;17;53.62;53.62;24.41;24.41;258;258;267;267;103;103;1424;373329;373329;139.16;139.16;115.76;115.76;23.32;23.32;157.76;157.76;111.05;111.05;9.43;9.43;4.1;4.1;0.08;51;51;123;123;144.6;144.6;70.48;70.48;207.75;207.75;173.29;173.29;104.94;104.94;121.66;121.66;84.97;84.97;71.61;71.61;2426;2377;2438;3271;0;0;1;1
